sid,cid,titulo,duracion,numero
11,97,La primera polaroid,62,2
11,96,Casete 1: lado A,60,1
11,98,Si: soy la chica nueva,56,3
8,89,Carla,58,3
7,86,Hemos vuelto,50,3
5,75,Los sobrevivientes,59,3
7,84,Efectuar lo acordado,50,1
22,129,Episode 1,40,1
5,72,Principios y finales,53,2
27,145,The Return,49,2
7,85,Se acabaron las m√°scaras,50,2
8,87,Bienvenidos,60,1
27,144,Pilot,49,1
22,130,Episode 1,42,2
29,150,Estudio en rosa,60,1
5,74,Deja vu,60,3
29,151,Esc√°ndalo en Belgravia,60,2
29,152,Many Happy Returns,60,3
8,88,20 horas desaparecido,55,2
22,131,Episode 1,41,3
5,70,Secretos,51,1
5,73,Materia oscura,54,2
5,71,Mentiras,44,1
27,146,The Birthday,49,3
31,156,Exposed,44,1
31,157,Psycho,45,2
1,68,Episode 4,65,2
2,30,El de los Kips,22,5
2,12,El de la leche materna,22,2
2,21,El de la medusa,22,4
2,23,El de las esposas,24,4
1,1,Episode 1,62,1
2,26,El de despu√©s de que Ross dijera el nombre de Rachel,22,5
1,5,Episode 5,64,1
1,4,Episode 4,65,1
18,119,El recuerdo de un recuerdo,21,3
2,22,El de la gata,26,4
2,15,El de la carne para cinco y una berenjena,26,2
2,9,El de George Stephanopoulos,23,1
2,28,El de los trillizos,24,5
2,19,El del t√∫nel metaf√≥rico,22,3
28,147,Pilot,40,1
2,24,El de los bailes de sal√≥n,24,4
2,13,El de cuando muere Heckles,23,2
1,2,Episode 2,66,1
2,17,El de cuando nadie est√° listo,22,3
1,65,Episode 1,62,2
2,20,El de Frank Jr.,26,3
2,11,El de la nueva novia de Ross,25,2
1,69,Episode 5,64,2
18,118,Lleg√≥ de la Noche√≥sfera,21,2
1,67,Episode 3,59,2
2,29,El que Phoebe odia la PBS,26,5
2,10,El del detergente de lavander√≠a germano-oriental,22,1
2,14,El esposo de Phoebe,24,2
2,6,En el que todo empieza,22,1
28,148,Verano: una especie de maravilla,42,2
2,8,El del pulgar,21,1
1,66,Episode 2,66,2
2,27,El de los besos,24,5
28,149,Los contratiempos de la Fortuna,45,3
2,18,El de la mermelada,24,3
2,7,El de la ecograf√≠a final,20,1
1,3,Episode 3,59,1
18,117,Panico en la fiesta del palacio,21,1
2,16,El de la fantas√≠a de la Princesa Leia,25,3
2,25,El de la nueva novia de Joey,26,4
19,122,Los siete magn√≠ficos,58,3
13,103,Cap√≠tulo 14: Un beso antes de morir,60,2
13,102,Cap√≠tulo 1: Corrientes traicioneras,55,1
19,120,Wendigo,55,1
19,121,En mi tiempo de morir,50,2
13,104,Cap√≠tulo 36: D√≠a del Trabajo,62,3
9,91,Misadventure,60,2
9,90,Wolferton Splash,62,1
9,92,Olding,58,3
24,137,Se√±al de humo,23,3
24,135,A ti: 2.000 a√±os en el futuro,23,1
24,136,El tit√°n bestia,23,2
3,37,El maestro del juego,23,2
3,33,Juventud con dio,23,1
3,47,¬°Josuke Higashikata! Conoce a Angelo,23,4
3,39,Jojo vs. la forma de vida definitiva,23,2
14,105,Partida x Y x Compa√±eros,24,1
3,31,Dio: el invasor,23,1
25,140,Interludio,23,3
3,45,Silver Chariot,23,3
3,40,Los guerreros definitivos de tiempos antiguos,23,2
3,49,Los Hermanos Nijimura (Parte 2),23,4
3,46,¬°Jotaro Kujo! Conoce a Josuke Higashikata,23,4
3,41,un hombre pose√≠do por un esp√≠ritu maligno,23,3
3,34,Overdrive,23,1
14,106,Un x Guardi√°n x Peligroso,24,2
3,35,Los caballeros oscuros,23,1
25,139,Los que acechan bajo tierra,23,2
3,36,El jojo de nueva york,23,2
3,44,Tower of gray,23,3
3,42,¬°¬øqui√©n ser√° el juez?!,23,3
25,138,El alquimista de acero,23,1
3,32,Una carta del pasado,23,1
3,48,Los Hermanos Nijimura (Parte 1),23,4
14,107,Respuesta de papa,24,3
3,50,Los Hermanos Nijimura (Parte 3),23,4
3,38,El hombre del pilar,23,2
3,43,La maldici√≥n de dio,23,3
6,79,Relox,32,2
6,76,El comienzo,29,1
26,142,El estado avatar,24,2
6,77,El arbol furioso,31,1
6,83,Cirug√≠a,32,4
6,81,La maquina del tiempo,31,3
6,78,Vacaciones,34,2
26,143,El despertar,24,3
26,141,El ni√±o en el iceberg,24,1
6,80,Por el sr. manguera,28,3
6,82,La mona lisa,32,4
4,56,Viento,20,3
4,61,La pupila de la serpiente,20,6
20,124,Las aventuras de Supergirl,40,2
10,93,Midoriya Izuku: Origen,24,1
4,53,El nuevo objetivo,22,2
15,109,Empapada,62,2
4,60,Un asunto shinobi,21,5
16,111,Piloto,43,1
30,153,Rose,45,1
30,155,Smith y Jones,45,2
17,115,Gotas de lluvia sobre mi cabeza,42,2
4,57,La amenaza que se acerca en silencio,20,4
17,114,La noche de un d√≠a dif√≠cil,40,1
10,95,Empieza el juego,24,3
15,110,Los mejores planes,59,3
4,59,El precio del poder,20,5
16,113,Sentido,44,3
20,125,La mujer de acero,42,3
4,58,La invasi√≥n de Akatsuki,21,4
10,94,Libreta de h√©roes,24,2
17,116,Lleg√≥ el momento,45,3
16,112,Aceptaci√≥n,42,2
4,63,El viajero,20,7
4,54,¬°Formaci√≥n: el nuevo equipo Kakashi!,20,2
15,108,Ant√°rtida,60,1
4,55,Pesadilla,21,3
4,51,El regreso a casa,22,1
20,123,M√°s fuertes juntos,35,1
4,64,El sucesor de la t√©cnica prohibida,22,7
30,154,Nueva tierra,46,2
4,52,El Akatsuki comienza a moverse,20,1
4,62,Ojo de halc√≥n,20,6
12,99,El fin y el comienzo,20,1
12,101,Saludos,21,3
12,100,¬°Vamos a Tokyo!,22,2
21,126,Simpsons Roasting on an Open Fire,20,1
21,127,"Bart Gets an ""F""",20,2
21,128,Stark Raving Dad,20,3
23,132,Pilot,22,1
23,134,The Rickshank Rickdemption,22,3
23,133,A Rickle in Time,22,2
